customerNumber,checkNumber
103,HQ336336
103,JM555205
103,OM314933
112,BO864823
112,HQ55022
112,ND748579
114,GG31455
114,MA765515
114,NP603840
114,NR27552
119,DB933704
119,LN373447
119,NG94694
121,DB889831
121,FD317790
121,KI831359
121,MA302151
124,AE215433
124,BG255406
124,CQ287967
124,ET64396
124,HI366474
124,HR86578
124,KI131716
124,LF217299
124,NT141748
128,DI925118
128,FA465482
128,FH668230
128,IP383901
129,DM826140
129,ID449593
129,PI42991
131,CL442705
131,MA724562
131,NB445135
141,AU364101
141,DB583216
141,DL460618
141,HJ32686
141,ID10962
141,IN446258
141,JE105477
141,JN355280
141,JN722010
141,KT52578
141,MC46946
141,MF629602
141,NU627706
144,IR846303
144,LA685678
145,CN328545
145,ED39322
145,HR182688
145,JJ246391
146,FP549817
146,FU793410
146,LJ160635
148,BI507030
148,DD635282
148,KM172879
148,ME497970
151,BF686658
151,GB852215
151,IP568906
151,KI884577
157,HI618861
157,NN711988
161,BR352384
161,BR478494
161,KG644125
161,NI908214
166,BQ327613
166,DC979307
166,LA318629
167,ED743615
167,GN228846
171,GB878038
171,IL104425
172,AD832091
172,CE51751
172,EH208589
173,GP545698
173,IG462397
175,CITI3434344
175,IO448913
175,PI15215
177,AU750837
177,CI381435
181,CM564612
181,GQ132144
181,OH367219
186,AE192287
186,AK412714
186,KA602407
187,AM968797
187,BQ39062
187,KL124726
189,BO711618
189,NM916675
198,FI192930
198,HQ920205
198,IS946883
201,DP677013
201,OO846801
202,HI358554
202,IQ627690
204,GC697638
204,IS150005
205,GL756480
205,LL562733
205,NM739638
209,BOAF82044
209,ED520529
209,PH785937
211,BJ535230
216,BG407567
216,ML780814
216,MM342086
219,BN17870
219,BR941480
227,MQ413968
227,NU21326
233,BOFA23232
233,II180006
233,JG981190
239,NQ865547
240,IF245157
240,JO719695
242,AF40894
242,HR224331
242,KI744716
249,IJ399820
249,NE404084
250,EQ12267
250,HD284647
250,HN114306
256,EP227123
256,HE84936
259,EU280955
259,GB361972
260,IO164641
260,NH776924
276,EM979878
276,KM841847
276,LE432182
276,OJ819725
278,BJ483870
278,GP636783
278,NI983021
282,IA793562
282,JT819493
282,OD327378
286,DR578578
286,KH910279
298,AJ574927
298,LF501133
299,AD304085
299,NR157385
311,DG336041
311,FA728475
311,NQ966143
314,LQ244073
314,MD809704
319,HL685576
319,OM548174
320,GJ597719
320,HO576374
320,MU817160
321,DJ15149
321,LA556321
323,AL493079
323,ES347491
323,HG738664
323,PQ803830
324,DQ409197
324,FP443161
324,HB150714
328,EN930356
328,NR631421
333,HL209210
333,JK479662
333,NF959653
334,CS435306
334,HH517378
334,LF737277
339,AP286625
339,DA98827
344,AF246722
344,NJ906924
347,DG700707
347,LG808674
350,BQ602907
350,CI471510
350,OB648482
353,CO351193
353,ED878227
353,GT878649
353,HJ618252
357,AG240323
357,NB291497
362,FP170292
362,OG208861
363,HL575273
363,IS232033
363,PN238558
379,CA762595
379,FR499138
379,GB890854
381,BC726082
381,CC475233
381,GB117430
381,MS154481
382,CC871084
382,CT821147
382,PH29054
385,BN347084
385,CP804873
385,EK785462
386,DO106109
386,HG438769
398,AJ478695
398,DO787644
398,JPMR4544
398,KB54275
406,BJMPR4545
406,HJ217687
406,NA197101
412,GH197075
412,PJ434867
415,ER54537
424,KF480160
424,LM271923
424,OA595449
447,AO757239
447,ER615123
447,OU516561
448,FS299615
448,KR822727
450,EF485824
452,ED473873
452,FN640986
452,HG635467
455,HA777606
455,IR662429
456,GJ715659
456,MO743231
458,DD995006
458,NA377824
458,OO606861
462,ED203908
462,GC60330
462,PE176846
471,AB661578
471,CO645196
473,LL427009
473,PC688499
475,JP113227
475,PB951268
484,GK294076
484,JH546765
486,BL66528
486,HS86661
486,JB117768
487,AH612904
487,PT550181
489,OC773849
489,PO860906
495,BH167026
495,FN155234
496,EU531600
496,MB342426
496,MN89921
